﻿<?xml version="1.0"?>
<!--
    This file contains the board metadata specific to a VASL board archive.
    Create one file per VASL board and place it in the archive.
-->

<!-- 
    Board-level metadata
	name - the name of the board (as it will appear in board selector drop-down - not yet supported)
	version - the board version
	versionDate - the date the last version was created
	author - the caring soul who created the board
    boardImage - the name of the VASL image file in the board archive; the name is case sensitive
    hasHills - TRUE/FALSE if the board contains base elevations above ground level
                if not we can assume the ground level under the terrain is zero, which
                makes the VASL LOS image translation faster and more accurate
    height - height of the board in hexes. Standard geomorphic boards are 10 by 33 hexes
    width - width of the board in hexes.
	A1CenterX - x coordinate of hex A1 center dot
	A1CenterY - Y coordinate of hex A1 center dot
	hexWidth - x.x width of each hex in pixels
	hexHeight - x.x height of each hex in pixels
	altHexGrain - TRUE/FALSE if the board uses an alternate hex grain for hex numbering
	others - TBD
	
	v1.0 Sep 2018 Hatten in Flames VASL conversion by Tim Fachko based on the original art by C Kibler
-->
<boardMetadata
	name="HT"
	version="1.0"
	versionDate="Sep 2018"
	author="TJ"
	boardImageFileName="bdHT.gif"
	hasHills="FALSE"
	width="33"
	height="30"
	A1CenterX="6"
	A1CenterY="32"
	hexWidth="56.28125"
	hexHeight="64.466666"
	altHexGrain="FALSE">

    <!--
        The type of buildings on the map. Because the building colors are shared by all building types, VASL can't easily
        determine the proper building type when creating the LOS information and assumes buildings are single-hex stone or 
        wooden buildings. Use these elements to override the building type. 
        
        See the terrainType elements for a complete list of building names
    -->
    <buildingTypes>
    </buildingTypes>
	
	<overlaySSRules>
	    <!--
			Scenario-specific overlay rules. 
			name - the VASL SSR name
			image - the image name
			x - x coordinate of overly upper left
			y - y coordinate of overlay upper left
		-->

		<underlaySSRule name="WallsOnly" image="WallPattern.gif">
			<color name="HedgeGreen" />
		</underlaySSRule>
		
		<underlaySSRule name="WallToCactus" image="CactusPattern.gif">
			<color name="WallBrown" />
			<color name="WallGrey1" />
			<color name="WallGrey2" />
		</underlaySSRule>
		
		<underlaySSRule name="HedgeToCactus" image="CactusPattern.gif">
			<color name="HedgeGreen" />
		</underlaySSRule>	

	</overlaySSRules>
	
	<colors>
		<!--
			The VASL board colors. Used for color-specific SSR transformations. Use this element to override the shared color pallet. 
			name - the VASL color name
			red, green, blue - the RBG value of the color in the image
			terrain - the LOS terrain type
			elevation - the base elevation of the terrain
			
		-->
	</colors>
	
	<colorSSRules>
		<!--
			The board color scenario-specific rules. Use this element to override the shared SSRs.		
		-->
	</colorSSRules>
</boardMetadata>